run_id,commit_sha,job_name,step_number,step_name,step_status,step_conclusion,step_duration,timestamp
910001,0f1a2b3c4d5e6f708192a3b4c5d6e7f8091a2b3c,quality gate,4,Install dependencies,completed,success,13,2026-05-20T10:10:00Z
910001,0f1a2b3c4d5e6f708192a3b4c5d6e7f8091a2b3c,quality gate,5,Lint source and tests,completed,success,4,2026-05-20T10:10:00Z
910001,0f1a2b3c4d5e6f708192a3b4c5d6e7f8091a2b3c,tests (3.12),6,Run pytest,completed,success,49,2026-05-20T10:10:00Z
910002,1f1a2b3c4d5e6f708192a3b4c5d6e7f8091a2b3d,quality gate,4,Install dependencies,completed,success,12,2026-05-20T10:34:00Z
910002,1f1a2b3c4d5e6f708192a3b4c5d6e7f8091a2b3d,quality gate,5,Lint source and tests,completed,success,4,2026-05-20T10:34:00Z
910002,1f1a2b3c4d5e6f708192a3b4c5d6e7f8091a2b3d,tests (3.12),6,Run pytest,completed,success,47,2026-05-20T10:34:00Z
910003,2f1a2b3c4d5e6f708192a3b4c5d6e7f8091a2b3e,quality gate,4,Install dependencies,completed,success,34,2026-05-20T11:08:00Z
910003,2f1a2b3c4d5e6f708192a3b4c5d6e7f8091a2b3e,quality gate,5,Lint source and tests,completed,success,4,2026-05-20T11:08:00Z
910003,2f1a2b3c4d5e6f708192a3b4c5d6e7f8091a2b3e,tests (3.12),6,Run pytest,completed,success,71,2026-05-20T11:08:00Z
910004,3f1a2b3c4d5e6f708192a3b4c5d6e7f8091a2b3f,quality gate,4,Install dependencies,completed,success,10,2026-05-20T11:41:00Z
910004,3f1a2b3c4d5e6f708192a3b4c5d6e7f8091a2b3f,quality gate,5,Lint source and tests,completed,success,4,2026-05-20T11:41:00Z
910004,3f1a2b3c4d5e6f708192a3b4c5d6e7f8091a2b3f,tests (3.12),6,Run pytest,completed,success,45,2026-05-20T11:41:00Z
910005,4f1a2b3c4d5e6f708192a3b4c5d6e7f8091a2b40,quality gate,4,Install dependencies,completed,success,13,2026-05-20T12:12:00Z
910005,4f1a2b3c4d5e6f708192a3b4c5d6e7f8091a2b40,quality gate,5,Lint source and tests,completed,success,4,2026-05-20T12:12:00Z
910005,4f1a2b3c4d5e6f708192a3b4c5d6e7f8091a2b40,tests (3.12),6,Run pytest,completed,success,58,2026-05-20T12:12:00Z
910006,5f1a2b3c4d5e6f708192a3b4c5d6e7f8091a2b41,quality gate,4,Install dependencies,completed,success,14,2026-05-20T12:45:00Z
910006,5f1a2b3c4d5e6f708192a3b4c5d6e7f8091a2b41,quality gate,5,Lint source and tests,completed,success,4,2026-05-20T12:45:00Z
910006,5f1a2b3c4d5e6f708192a3b4c5d6e7f8091a2b41,tests (3.12),6,Run pytest,completed,success,86,2026-05-20T12:45:00Z
910007,6f1a2b3c4d5e6f708192a3b4c5d6e7f8091a2b42,quality gate,4,Install dependencies,completed,success,13,2026-05-20T13:17:00Z
910007,6f1a2b3c4d5e6f708192a3b4c5d6e7f8091a2b42,quality gate,5,Lint source and tests,completed,success,4,2026-05-20T13:17:00Z
910007,6f1a2b3c4d5e6f708192a3b4c5d6e7f8091a2b42,tests (3.12),6,Run pytest,completed,success,59,2026-05-20T13:17:00Z
910008,7f1a2b3c4d5e6f708192a3b4c5d6e7f8091a2b43,quality gate,4,Install dependencies,completed,success,13,2026-05-20T13:49:00Z
910008,7f1a2b3c4d5e6f708192a3b4c5d6e7f8091a2b43,quality gate,5,Lint source and tests,completed,success,4,2026-05-20T13:49:00Z
910008,7f1a2b3c4d5e6f708192a3b4c5d6e7f8091a2b43,tests (3.12),6,Run pytest,completed,success,89,2026-05-20T13:49:00Z
910009,8f1a2b3c4d5e6f708192a3b4c5d6e7f8091a2b44,quality gate,4,Install dependencies,completed,success,12,2026-05-20T14:20:00Z
910009,8f1a2b3c4d5e6f708192a3b4c5d6e7f8091a2b44,quality gate,5,Lint source and tests,completed,success,4,2026-05-20T14:20:00Z
910009,8f1a2b3c4d5e6f708192a3b4c5d6e7f8091a2b44,tests (3.12),6,Run pytest,completed,failure,41,2026-05-20T14:20:00Z
910010,9f1a2b3c4d5e6f708192a3b4c5d6e7f8091a2b45,quality gate,4,Install dependencies,completed,success,12,2026-05-20T14:53:00Z
910010,9f1a2b3c4d5e6f708192a3b4c5d6e7f8091a2b45,quality gate,5,Lint source and tests,completed,success,4,2026-05-20T14:53:00Z
910010,9f1a2b3c4d5e6f708192a3b4c5d6e7f8091a2b45,tests sequential (3.12),6,Run pytest sequentially,completed,success,112,2026-05-20T14:53:00Z
910011,af1a2b3c4d5e6f708192a3b4c5d6e7f8091a2b46,quality gate,4,Install dependencies,completed,success,13,2026-05-20T15:29:00Z
910011,af1a2b3c4d5e6f708192a3b4c5d6e7f8091a2b46,quality gate,5,Lint source and tests,completed,success,4,2026-05-20T15:29:00Z
910011,af1a2b3c4d5e6f708192a3b4c5d6e7f8091a2b46,tests (3.12),6,Run pytest,completed,success,52,2026-05-20T15:29:00Z
910012,bf1a2b3c4d5e6f708192a3b4c5d6e7f8091a2b47,quality gate,4,Install dependencies,completed,success,36,2026-05-20T16:02:00Z
910012,bf1a2b3c4d5e6f708192a3b4c5d6e7f8091a2b47,quality gate,5,Lint source and tests,completed,success,4,2026-05-20T16:02:00Z
910012,bf1a2b3c4d5e6f708192a3b4c5d6e7f8091a2b47,tests (3.12),6,Run pytest,completed,success,68,2026-05-20T16:02:00Z
