run_id,commit_sha,job_name,step_number,step_name,step_status,step_conclusion,step_duration,timestamp
26892098818,69313d54ab2201cfb8a90284fd54c4f3605d4408,quality gate,1,Set up job,completed,success,1.0,2026-06-03T14:38:54Z
26892098818,69313d54ab2201cfb8a90284fd54c4f3605d4408,quality gate,2,Checkout,completed,success,1.0,2026-06-03T14:38:54Z
26892098818,69313d54ab2201cfb8a90284fd54c4f3605d4408,quality gate,3,Set up Python,completed,success,0.0,2026-06-03T14:38:54Z
26892098818,69313d54ab2201cfb8a90284fd54c4f3605d4408,quality gate,4,Cache pip packages,completed,success,3.0,2026-06-03T14:38:54Z
26892098818,69313d54ab2201cfb8a90284fd54c4f3605d4408,quality gate,5,Install dependencies,completed,success,7.0,2026-06-03T14:38:54Z
26892098818,69313d54ab2201cfb8a90284fd54c4f3605d4408,quality gate,6,Lint source and tests,completed,success,0.0,2026-06-03T14:38:54Z
26892098818,69313d54ab2201cfb8a90284fd54c4f3605d4408,quality gate,7,Record quality summary,completed,success,0.0,2026-06-03T14:38:54Z
26892098818,69313d54ab2201cfb8a90284fd54c4f3605d4408,quality gate,8,Upload quality artifact,completed,success,1.0,2026-06-03T14:38:54Z
26892098818,69313d54ab2201cfb8a90284fd54c4f3605d4408,quality gate,14,Post Cache pip packages,completed,success,2.0,2026-06-03T14:38:54Z
26892098818,69313d54ab2201cfb8a90284fd54c4f3605d4408,quality gate,15,Post Set up Python,completed,success,0.0,2026-06-03T14:38:54Z
26892098818,69313d54ab2201cfb8a90284fd54c4f3605d4408,quality gate,16,Post Checkout,completed,success,0.0,2026-06-03T14:38:54Z
26892098818,69313d54ab2201cfb8a90284fd54c4f3605d4408,quality gate,17,Complete job,completed,success,0.0,2026-06-03T14:38:54Z
26892098818,69313d54ab2201cfb8a90284fd54c4f3605d4408,tests (3.11),1,Set up job,completed,success,1.0,2026-06-03T14:38:54Z
26892098818,69313d54ab2201cfb8a90284fd54c4f3605d4408,tests (3.11),2,Checkout,completed,success,1.0,2026-06-03T14:38:54Z
26892098818,69313d54ab2201cfb8a90284fd54c4f3605d4408,tests (3.11),3,Set up Python,completed,success,0.0,2026-06-03T14:38:54Z
26892098818,69313d54ab2201cfb8a90284fd54c4f3605d4408,tests (3.11),4,Cache pip packages,completed,success,1.0,2026-06-03T14:38:54Z
26892098818,69313d54ab2201cfb8a90284fd54c4f3605d4408,tests (3.11),5,Install dependencies,completed,success,6.0,2026-06-03T14:38:54Z
26892098818,69313d54ab2201cfb8a90284fd54c4f3605d4408,tests (3.11),6,Generate controlled test variation,completed,success,0.0,2026-06-03T14:38:54Z
26892098818,69313d54ab2201cfb8a90284fd54c4f3605d4408,tests (3.11),7,Run pytest,completed,success,2.0,2026-06-03T14:38:54Z
26892098818,69313d54ab2201cfb8a90284fd54c4f3605d4408,tests (3.11),8,Upload pytest artifact,completed,success,1.0,2026-06-03T14:38:54Z
26892098818,69313d54ab2201cfb8a90284fd54c4f3605d4408,tests (3.11),14,Post Cache pip packages,completed,success,1.0,2026-06-03T14:38:54Z
26892098818,69313d54ab2201cfb8a90284fd54c4f3605d4408,tests (3.11),15,Post Set up Python,completed,success,0.0,2026-06-03T14:38:54Z
26892098818,69313d54ab2201cfb8a90284fd54c4f3605d4408,tests (3.11),16,Post Checkout,completed,success,0.0,2026-06-03T14:38:54Z
26892098818,69313d54ab2201cfb8a90284fd54c4f3605d4408,tests (3.11),17,Complete job,completed,success,0.0,2026-06-03T14:38:54Z
26892098818,69313d54ab2201cfb8a90284fd54c4f3605d4408,tests (3.12),1,Set up job,completed,success,1.0,2026-06-03T14:38:54Z
26892098818,69313d54ab2201cfb8a90284fd54c4f3605d4408,tests (3.12),2,Checkout,completed,success,2.0,2026-06-03T14:38:54Z
26892098818,69313d54ab2201cfb8a90284fd54c4f3605d4408,tests (3.12),3,Set up Python,completed,success,0.0,2026-06-03T14:38:54Z
26892098818,69313d54ab2201cfb8a90284fd54c4f3605d4408,tests (3.12),4,Cache pip packages,completed,success,1.0,2026-06-03T14:38:54Z
26892098818,69313d54ab2201cfb8a90284fd54c4f3605d4408,tests (3.12),5,Install dependencies,completed,success,7.0,2026-06-03T14:38:54Z
26892098818,69313d54ab2201cfb8a90284fd54c4f3605d4408,tests (3.12),6,Generate controlled test variation,completed,success,0.0,2026-06-03T14:38:54Z
26892098818,69313d54ab2201cfb8a90284fd54c4f3605d4408,tests (3.12),7,Run pytest,completed,success,2.0,2026-06-03T14:38:54Z
26892098818,69313d54ab2201cfb8a90284fd54c4f3605d4408,tests (3.12),8,Upload pytest artifact,completed,success,1.0,2026-06-03T14:38:54Z
26892098818,69313d54ab2201cfb8a90284fd54c4f3605d4408,tests (3.12),14,Post Cache pip packages,completed,success,1.0,2026-06-03T14:38:54Z
26892098818,69313d54ab2201cfb8a90284fd54c4f3605d4408,tests (3.12),15,Post Set up Python,completed,success,0.0,2026-06-03T14:38:54Z
26892098818,69313d54ab2201cfb8a90284fd54c4f3605d4408,tests (3.12),16,Post Checkout,completed,success,1.0,2026-06-03T14:38:54Z
26892098818,69313d54ab2201cfb8a90284fd54c4f3605d4408,tests (3.12),17,Complete job,completed,success,0.0,2026-06-03T14:38:54Z
26892098818,69313d54ab2201cfb8a90284fd54c4f3605d4408,metrics snapshot,1,Set up job,completed,success,0.0,2026-06-03T14:38:54Z
26892098818,69313d54ab2201cfb8a90284fd54c4f3605d4408,metrics snapshot,2,Write run context,completed,success,1.0,2026-06-03T14:38:54Z
26892098818,69313d54ab2201cfb8a90284fd54c4f3605d4408,metrics snapshot,3,Upload run context,completed,success,0.0,2026-06-03T14:38:54Z
26892098818,69313d54ab2201cfb8a90284fd54c4f3605d4408,metrics snapshot,4,Complete job,completed,success,0.0,2026-06-03T14:38:54Z
26892096157,69313d54ab2201cfb8a90284fd54c4f3605d4408,quality gate,1,Set up job,completed,success,1.0,2026-06-03T14:38:52Z
26892096157,69313d54ab2201cfb8a90284fd54c4f3605d4408,quality gate,2,Checkout,completed,success,1.0,2026-06-03T14:38:52Z
26892096157,69313d54ab2201cfb8a90284fd54c4f3605d4408,quality gate,3,Set up Python,completed,success,0.0,2026-06-03T14:38:52Z
26892096157,69313d54ab2201cfb8a90284fd54c4f3605d4408,quality gate,4,Cache pip packages,completed,success,1.0,2026-06-03T14:38:52Z
26892096157,69313d54ab2201cfb8a90284fd54c4f3605d4408,quality gate,5,Install dependencies,completed,success,8.0,2026-06-03T14:38:52Z
26892096157,69313d54ab2201cfb8a90284fd54c4f3605d4408,quality gate,6,Lint source and tests,completed,success,0.0,2026-06-03T14:38:52Z
26892096157,69313d54ab2201cfb8a90284fd54c4f3605d4408,quality gate,7,Record quality summary,completed,success,0.0,2026-06-03T14:38:52Z
26892096157,69313d54ab2201cfb8a90284fd54c4f3605d4408,quality gate,8,Upload quality artifact,completed,success,1.0,2026-06-03T14:38:52Z
26892096157,69313d54ab2201cfb8a90284fd54c4f3605d4408,quality gate,14,Post Cache pip packages,completed,success,0.0,2026-06-03T14:38:52Z
26892096157,69313d54ab2201cfb8a90284fd54c4f3605d4408,quality gate,15,Post Set up Python,completed,success,0.0,2026-06-03T14:38:52Z
26892096157,69313d54ab2201cfb8a90284fd54c4f3605d4408,quality gate,16,Post Checkout,completed,success,1.0,2026-06-03T14:38:52Z
26892096157,69313d54ab2201cfb8a90284fd54c4f3605d4408,quality gate,17,Complete job,completed,success,0.0,2026-06-03T14:38:52Z
26892096157,69313d54ab2201cfb8a90284fd54c4f3605d4408,tests (3.12),1,Set up job,completed,success,2.0,2026-06-03T14:38:52Z
26892096157,69313d54ab2201cfb8a90284fd54c4f3605d4408,tests (3.12),2,Checkout,completed,success,1.0,2026-06-03T14:38:52Z
26892096157,69313d54ab2201cfb8a90284fd54c4f3605d4408,tests (3.12),3,Set up Python,completed,success,0.0,2026-06-03T14:38:52Z
26892096157,69313d54ab2201cfb8a90284fd54c4f3605d4408,tests (3.12),4,Cache pip packages,completed,success,2.0,2026-06-03T14:38:52Z
26892096157,69313d54ab2201cfb8a90284fd54c4f3605d4408,tests (3.12),5,Install dependencies,completed,success,7.0,2026-06-03T14:38:52Z
26892096157,69313d54ab2201cfb8a90284fd54c4f3605d4408,tests (3.12),6,Generate controlled test variation,completed,success,0.0,2026-06-03T14:38:52Z
26892096157,69313d54ab2201cfb8a90284fd54c4f3605d4408,tests (3.12),7,Run pytest,completed,success,3.0,2026-06-03T14:38:52Z
26892096157,69313d54ab2201cfb8a90284fd54c4f3605d4408,tests (3.12),8,Upload pytest artifact,completed,success,1.0,2026-06-03T14:38:52Z
26892096157,69313d54ab2201cfb8a90284fd54c4f3605d4408,tests (3.12),14,Post Cache pip packages,completed,success,0.0,2026-06-03T14:38:52Z
26892096157,69313d54ab2201cfb8a90284fd54c4f3605d4408,tests (3.12),15,Post Set up Python,completed,success,1.0,2026-06-03T14:38:52Z
26892096157,69313d54ab2201cfb8a90284fd54c4f3605d4408,tests (3.12),16,Post Checkout,completed,success,0.0,2026-06-03T14:38:52Z
26892096157,69313d54ab2201cfb8a90284fd54c4f3605d4408,tests (3.12),17,Complete job,completed,success,0.0,2026-06-03T14:38:52Z
26892096157,69313d54ab2201cfb8a90284fd54c4f3605d4408,tests (3.11),1,Set up job,completed,success,2.0,2026-06-03T14:38:52Z
26892096157,69313d54ab2201cfb8a90284fd54c4f3605d4408,tests (3.11),2,Checkout,completed,success,1.0,2026-06-03T14:38:52Z
26892096157,69313d54ab2201cfb8a90284fd54c4f3605d4408,tests (3.11),3,Set up Python,completed,success,0.0,2026-06-03T14:38:52Z
26892096157,69313d54ab2201cfb8a90284fd54c4f3605d4408,tests (3.11),4,Cache pip packages,completed,success,2.0,2026-06-03T14:38:52Z
26892096157,69313d54ab2201cfb8a90284fd54c4f3605d4408,tests (3.11),5,Install dependencies,completed,success,9.0,2026-06-03T14:38:52Z
26892096157,69313d54ab2201cfb8a90284fd54c4f3605d4408,tests (3.11),6,Generate controlled test variation,completed,success,0.0,2026-06-03T14:38:52Z
26892096157,69313d54ab2201cfb8a90284fd54c4f3605d4408,tests (3.11),7,Run pytest,completed,success,3.0,2026-06-03T14:38:52Z
26892096157,69313d54ab2201cfb8a90284fd54c4f3605d4408,tests (3.11),8,Upload pytest artifact,completed,success,1.0,2026-06-03T14:38:52Z
26892096157,69313d54ab2201cfb8a90284fd54c4f3605d4408,tests (3.11),14,Post Cache pip packages,completed,success,0.0,2026-06-03T14:38:52Z
26892096157,69313d54ab2201cfb8a90284fd54c4f3605d4408,tests (3.11),15,Post Set up Python,completed,success,0.0,2026-06-03T14:38:52Z
26892096157,69313d54ab2201cfb8a90284fd54c4f3605d4408,tests (3.11),16,Post Checkout,completed,success,0.0,2026-06-03T14:38:52Z
26892096157,69313d54ab2201cfb8a90284fd54c4f3605d4408,tests (3.11),17,Complete job,completed,success,0.0,2026-06-03T14:38:52Z
26892096157,69313d54ab2201cfb8a90284fd54c4f3605d4408,metrics snapshot,1,Set up job,completed,success,1.0,2026-06-03T14:38:52Z
26892096157,69313d54ab2201cfb8a90284fd54c4f3605d4408,metrics snapshot,2,Write run context,completed,success,0.0,2026-06-03T14:38:52Z
26892096157,69313d54ab2201cfb8a90284fd54c4f3605d4408,metrics snapshot,3,Upload run context,completed,success,1.0,2026-06-03T14:38:52Z
26892096157,69313d54ab2201cfb8a90284fd54c4f3605d4408,metrics snapshot,4,Complete job,completed,success,0.0,2026-06-03T14:38:52Z
26892093997,69313d54ab2201cfb8a90284fd54c4f3605d4408,quality gate,1,Set up job,completed,success,1.0,2026-06-03T14:38:49Z
26892093997,69313d54ab2201cfb8a90284fd54c4f3605d4408,quality gate,2,Checkout,completed,success,1.0,2026-06-03T14:38:49Z
26892093997,69313d54ab2201cfb8a90284fd54c4f3605d4408,quality gate,3,Set up Python,completed,success,0.0,2026-06-03T14:38:49Z
26892093997,69313d54ab2201cfb8a90284fd54c4f3605d4408,quality gate,4,Cache pip packages,completed,success,1.0,2026-06-03T14:38:49Z
26892093997,69313d54ab2201cfb8a90284fd54c4f3605d4408,quality gate,5,Install dependencies,completed,success,9.0,2026-06-03T14:38:49Z
26892093997,69313d54ab2201cfb8a90284fd54c4f3605d4408,quality gate,6,Lint source and tests,completed,success,0.0,2026-06-03T14:38:49Z
26892093997,69313d54ab2201cfb8a90284fd54c4f3605d4408,quality gate,7,Record quality summary,completed,success,0.0,2026-06-03T14:38:49Z
26892093997,69313d54ab2201cfb8a90284fd54c4f3605d4408,quality gate,8,Upload quality artifact,completed,success,1.0,2026-06-03T14:38:49Z
26892093997,69313d54ab2201cfb8a90284fd54c4f3605d4408,quality gate,14,Post Cache pip packages,completed,success,0.0,2026-06-03T14:38:49Z
26892093997,69313d54ab2201cfb8a90284fd54c4f3605d4408,quality gate,15,Post Set up Python,completed,success,0.0,2026-06-03T14:38:49Z
26892093997,69313d54ab2201cfb8a90284fd54c4f3605d4408,quality gate,16,Post Checkout,completed,success,0.0,2026-06-03T14:38:49Z
26892093997,69313d54ab2201cfb8a90284fd54c4f3605d4408,quality gate,17,Complete job,completed,success,0.0,2026-06-03T14:38:49Z
26892093997,69313d54ab2201cfb8a90284fd54c4f3605d4408,tests sequential (3.12),1,Set up job,completed,success,1.0,2026-06-03T14:38:49Z
26892093997,69313d54ab2201cfb8a90284fd54c4f3605d4408,tests sequential (3.12),2,Checkout,completed,success,0.0,2026-06-03T14:38:49Z
26892093997,69313d54ab2201cfb8a90284fd54c4f3605d4408,tests sequential (3.12),3,Set up Python,completed,success,1.0,2026-06-03T14:38:49Z
26892093997,69313d54ab2201cfb8a90284fd54c4f3605d4408,tests sequential (3.12),4,Cache pip packages,completed,success,0.0,2026-06-03T14:38:49Z
26892093997,69313d54ab2201cfb8a90284fd54c4f3605d4408,tests sequential (3.12),5,Install dependencies,completed,success,9.0,2026-06-03T14:38:49Z
26892093997,69313d54ab2201cfb8a90284fd54c4f3605d4408,tests sequential (3.12),6,Generate controlled test variation,completed,success,0.0,2026-06-03T14:38:49Z
26892093997,69313d54ab2201cfb8a90284fd54c4f3605d4408,tests sequential (3.12),7,Run pytest sequentially,completed,success,2.0,2026-06-03T14:38:49Z
26892093997,69313d54ab2201cfb8a90284fd54c4f3605d4408,tests sequential (3.12),8,Upload pytest artifact,completed,success,1.0,2026-06-03T14:38:49Z
26892093997,69313d54ab2201cfb8a90284fd54c4f3605d4408,tests sequential (3.12),14,Post Cache pip packages,completed,success,1.0,2026-06-03T14:38:49Z
26892093997,69313d54ab2201cfb8a90284fd54c4f3605d4408,tests sequential (3.12),15,Post Set up Python,completed,success,0.0,2026-06-03T14:38:49Z
26892093997,69313d54ab2201cfb8a90284fd54c4f3605d4408,tests sequential (3.12),16,Post Checkout,completed,success,0.0,2026-06-03T14:38:49Z
26892093997,69313d54ab2201cfb8a90284fd54c4f3605d4408,tests sequential (3.12),17,Complete job,completed,success,0.0,2026-06-03T14:38:49Z
26892093997,69313d54ab2201cfb8a90284fd54c4f3605d4408,metrics snapshot,1,Set up job,completed,success,1.0,2026-06-03T14:38:49Z
26892093997,69313d54ab2201cfb8a90284fd54c4f3605d4408,metrics snapshot,2,Write run context,completed,success,0.0,2026-06-03T14:38:49Z
26892093997,69313d54ab2201cfb8a90284fd54c4f3605d4408,metrics snapshot,3,Upload run context,completed,success,2.0,2026-06-03T14:38:49Z
26892093997,69313d54ab2201cfb8a90284fd54c4f3605d4408,metrics snapshot,4,Complete job,completed,success,0.0,2026-06-03T14:38:49Z
26892091428,69313d54ab2201cfb8a90284fd54c4f3605d4408,quality gate,1,Set up job,completed,success,1.0,2026-06-03T14:38:47Z
26892091428,69313d54ab2201cfb8a90284fd54c4f3605d4408,quality gate,2,Checkout,completed,success,1.0,2026-06-03T14:38:47Z
26892091428,69313d54ab2201cfb8a90284fd54c4f3605d4408,quality gate,3,Set up Python,completed,success,0.0,2026-06-03T14:38:47Z
26892091428,69313d54ab2201cfb8a90284fd54c4f3605d4408,quality gate,4,Cache pip packages,completed,success,2.0,2026-06-03T14:38:47Z
26892091428,69313d54ab2201cfb8a90284fd54c4f3605d4408,quality gate,5,Install dependencies,completed,success,10.0,2026-06-03T14:38:47Z
26892091428,69313d54ab2201cfb8a90284fd54c4f3605d4408,quality gate,6,Lint source and tests,completed,success,0.0,2026-06-03T14:38:47Z
26892091428,69313d54ab2201cfb8a90284fd54c4f3605d4408,quality gate,7,Record quality summary,completed,success,0.0,2026-06-03T14:38:47Z
26892091428,69313d54ab2201cfb8a90284fd54c4f3605d4408,quality gate,8,Upload quality artifact,completed,success,2.0,2026-06-03T14:38:47Z
26892091428,69313d54ab2201cfb8a90284fd54c4f3605d4408,quality gate,14,Post Cache pip packages,completed,success,0.0,2026-06-03T14:38:47Z
26892091428,69313d54ab2201cfb8a90284fd54c4f3605d4408,quality gate,15,Post Set up Python,completed,success,0.0,2026-06-03T14:38:47Z
26892091428,69313d54ab2201cfb8a90284fd54c4f3605d4408,quality gate,16,Post Checkout,completed,success,0.0,2026-06-03T14:38:47Z
26892091428,69313d54ab2201cfb8a90284fd54c4f3605d4408,quality gate,17,Complete job,completed,success,0.0,2026-06-03T14:38:47Z
26892091428,69313d54ab2201cfb8a90284fd54c4f3605d4408,tests (3.11),1,Set up job,completed,success,1.0,2026-06-03T14:38:47Z
26892091428,69313d54ab2201cfb8a90284fd54c4f3605d4408,tests (3.11),2,Checkout,completed,success,1.0,2026-06-03T14:38:47Z
26892091428,69313d54ab2201cfb8a90284fd54c4f3605d4408,tests (3.11),3,Set up Python,completed,success,0.0,2026-06-03T14:38:47Z
26892091428,69313d54ab2201cfb8a90284fd54c4f3605d4408,tests (3.11),4,Cache pip packages,completed,success,2.0,2026-06-03T14:38:47Z
26892091428,69313d54ab2201cfb8a90284fd54c4f3605d4408,tests (3.11),5,Install dependencies,completed,success,6.0,2026-06-03T14:38:47Z
26892091428,69313d54ab2201cfb8a90284fd54c4f3605d4408,tests (3.11),6,Generate controlled test variation,completed,success,1.0,2026-06-03T14:38:47Z
26892091428,69313d54ab2201cfb8a90284fd54c4f3605d4408,tests (3.11),7,Run pytest,completed,failure,2.0,2026-06-03T14:38:47Z
26892091428,69313d54ab2201cfb8a90284fd54c4f3605d4408,tests (3.11),8,Upload pytest artifact,completed,success,1.0,2026-06-03T14:38:47Z
26892091428,69313d54ab2201cfb8a90284fd54c4f3605d4408,tests (3.11),14,Post Cache pip packages,completed,skipped,0.0,2026-06-03T14:38:47Z
26892091428,69313d54ab2201cfb8a90284fd54c4f3605d4408,tests (3.11),15,Post Set up Python,completed,skipped,0.0,2026-06-03T14:38:47Z
26892091428,69313d54ab2201cfb8a90284fd54c4f3605d4408,tests (3.11),16,Post Checkout,completed,success,0.0,2026-06-03T14:38:47Z
26892091428,69313d54ab2201cfb8a90284fd54c4f3605d4408,tests (3.11),17,Complete job,completed,success,0.0,2026-06-03T14:38:47Z
26892091428,69313d54ab2201cfb8a90284fd54c4f3605d4408,tests (3.12),1,Set up job,completed,success,1.0,2026-06-03T14:38:47Z
26892091428,69313d54ab2201cfb8a90284fd54c4f3605d4408,tests (3.12),2,Checkout,completed,success,1.0,2026-06-03T14:38:47Z
26892091428,69313d54ab2201cfb8a90284fd54c4f3605d4408,tests (3.12),3,Set up Python,completed,success,0.0,2026-06-03T14:38:47Z
26892091428,69313d54ab2201cfb8a90284fd54c4f3605d4408,tests (3.12),4,Cache pip packages,completed,success,1.0,2026-06-03T14:38:47Z
26892091428,69313d54ab2201cfb8a90284fd54c4f3605d4408,tests (3.12),5,Install dependencies,completed,success,6.0,2026-06-03T14:38:47Z
26892091428,69313d54ab2201cfb8a90284fd54c4f3605d4408,tests (3.12),6,Generate controlled test variation,completed,success,0.0,2026-06-03T14:38:47Z
26892091428,69313d54ab2201cfb8a90284fd54c4f3605d4408,tests (3.12),7,Run pytest,completed,failure,2.0,2026-06-03T14:38:47Z
26892091428,69313d54ab2201cfb8a90284fd54c4f3605d4408,tests (3.12),8,Upload pytest artifact,completed,success,2.0,2026-06-03T14:38:47Z
26892091428,69313d54ab2201cfb8a90284fd54c4f3605d4408,tests (3.12),14,Post Cache pip packages,completed,skipped,0.0,2026-06-03T14:38:47Z
26892091428,69313d54ab2201cfb8a90284fd54c4f3605d4408,tests (3.12),15,Post Set up Python,completed,skipped,0.0,2026-06-03T14:38:47Z
26892091428,69313d54ab2201cfb8a90284fd54c4f3605d4408,tests (3.12),16,Post Checkout,completed,success,0.0,2026-06-03T14:38:47Z
26892091428,69313d54ab2201cfb8a90284fd54c4f3605d4408,tests (3.12),17,Complete job,completed,success,0.0,2026-06-03T14:38:47Z
26892091428,69313d54ab2201cfb8a90284fd54c4f3605d4408,metrics snapshot,1,Set up job,completed,success,1.0,2026-06-03T14:38:47Z
26892091428,69313d54ab2201cfb8a90284fd54c4f3605d4408,metrics snapshot,2,Write run context,completed,success,0.0,2026-06-03T14:38:47Z
26892091428,69313d54ab2201cfb8a90284fd54c4f3605d4408,metrics snapshot,3,Upload run context,completed,success,1.0,2026-06-03T14:38:47Z
26892091428,69313d54ab2201cfb8a90284fd54c4f3605d4408,metrics snapshot,4,Complete job,completed,success,0.0,2026-06-03T14:38:47Z
26892088940,69313d54ab2201cfb8a90284fd54c4f3605d4408,quality gate,1,Set up job,completed,success,2.0,2026-06-03T14:38:45Z
26892088940,69313d54ab2201cfb8a90284fd54c4f3605d4408,quality gate,2,Checkout,completed,success,1.0,2026-06-03T14:38:45Z
26892088940,69313d54ab2201cfb8a90284fd54c4f3605d4408,quality gate,3,Set up Python,completed,success,0.0,2026-06-03T14:38:45Z
26892088940,69313d54ab2201cfb8a90284fd54c4f3605d4408,quality gate,4,Cache pip packages,completed,success,1.0,2026-06-03T14:38:45Z
26892088940,69313d54ab2201cfb8a90284fd54c4f3605d4408,quality gate,5,Install dependencies,completed,success,7.0,2026-06-03T14:38:45Z
26892088940,69313d54ab2201cfb8a90284fd54c4f3605d4408,quality gate,6,Lint source and tests,completed,success,0.0,2026-06-03T14:38:45Z
26892088940,69313d54ab2201cfb8a90284fd54c4f3605d4408,quality gate,7,Record quality summary,completed,success,0.0,2026-06-03T14:38:45Z
26892088940,69313d54ab2201cfb8a90284fd54c4f3605d4408,quality gate,8,Upload quality artifact,completed,success,1.0,2026-06-03T14:38:45Z
26892088940,69313d54ab2201cfb8a90284fd54c4f3605d4408,quality gate,14,Post Cache pip packages,completed,success,0.0,2026-06-03T14:38:45Z
26892088940,69313d54ab2201cfb8a90284fd54c4f3605d4408,quality gate,15,Post Set up Python,completed,success,0.0,2026-06-03T14:38:45Z
26892088940,69313d54ab2201cfb8a90284fd54c4f3605d4408,quality gate,16,Post Checkout,completed,success,0.0,2026-06-03T14:38:45Z
26892088940,69313d54ab2201cfb8a90284fd54c4f3605d4408,quality gate,17,Complete job,completed,success,0.0,2026-06-03T14:38:45Z
26892088940,69313d54ab2201cfb8a90284fd54c4f3605d4408,tests (3.12),1,Set up job,completed,success,2.0,2026-06-03T14:38:45Z
26892088940,69313d54ab2201cfb8a90284fd54c4f3605d4408,tests (3.12),2,Checkout,completed,success,1.0,2026-06-03T14:38:45Z
26892088940,69313d54ab2201cfb8a90284fd54c4f3605d4408,tests (3.12),3,Set up Python,completed,success,1.0,2026-06-03T14:38:45Z
26892088940,69313d54ab2201cfb8a90284fd54c4f3605d4408,tests (3.12),4,Cache pip packages,completed,success,2.0,2026-06-03T14:38:45Z
26892088940,69313d54ab2201cfb8a90284fd54c4f3605d4408,tests (3.12),5,Install dependencies,completed,success,7.0,2026-06-03T14:38:45Z
26892088940,69313d54ab2201cfb8a90284fd54c4f3605d4408,tests (3.12),6,Generate controlled test variation,completed,success,0.0,2026-06-03T14:38:45Z
26892088940,69313d54ab2201cfb8a90284fd54c4f3605d4408,tests (3.12),7,Run pytest,completed,success,8.0,2026-06-03T14:38:45Z
26892088940,69313d54ab2201cfb8a90284fd54c4f3605d4408,tests (3.12),8,Upload pytest artifact,completed,success,1.0,2026-06-03T14:38:45Z
26892088940,69313d54ab2201cfb8a90284fd54c4f3605d4408,tests (3.12),14,Post Cache pip packages,completed,success,0.0,2026-06-03T14:38:45Z
26892088940,69313d54ab2201cfb8a90284fd54c4f3605d4408,tests (3.12),15,Post Set up Python,completed,success,1.0,2026-06-03T14:38:45Z
26892088940,69313d54ab2201cfb8a90284fd54c4f3605d4408,tests (3.12),16,Post Checkout,completed,success,0.0,2026-06-03T14:38:45Z
26892088940,69313d54ab2201cfb8a90284fd54c4f3605d4408,tests (3.12),17,Complete job,completed,success,0.0,2026-06-03T14:38:45Z
26892088940,69313d54ab2201cfb8a90284fd54c4f3605d4408,tests (3.11),1,Set up job,completed,success,1.0,2026-06-03T14:38:45Z
26892088940,69313d54ab2201cfb8a90284fd54c4f3605d4408,tests (3.11),2,Checkout,completed,success,1.0,2026-06-03T14:38:45Z
26892088940,69313d54ab2201cfb8a90284fd54c4f3605d4408,tests (3.11),3,Set up Python,completed,success,0.0,2026-06-03T14:38:45Z
26892088940,69313d54ab2201cfb8a90284fd54c4f3605d4408,tests (3.11),4,Cache pip packages,completed,success,1.0,2026-06-03T14:38:45Z
26892088940,69313d54ab2201cfb8a90284fd54c4f3605d4408,tests (3.11),5,Install dependencies,completed,success,8.0,2026-06-03T14:38:45Z
26892088940,69313d54ab2201cfb8a90284fd54c4f3605d4408,tests (3.11),6,Generate controlled test variation,completed,success,0.0,2026-06-03T14:38:45Z
26892088940,69313d54ab2201cfb8a90284fd54c4f3605d4408,tests (3.11),7,Run pytest,completed,success,7.0,2026-06-03T14:38:45Z
26892088940,69313d54ab2201cfb8a90284fd54c4f3605d4408,tests (3.11),8,Upload pytest artifact,completed,success,1.0,2026-06-03T14:38:45Z
26892088940,69313d54ab2201cfb8a90284fd54c4f3605d4408,tests (3.11),14,Post Cache pip packages,completed,success,0.0,2026-06-03T14:38:45Z
26892088940,69313d54ab2201cfb8a90284fd54c4f3605d4408,tests (3.11),15,Post Set up Python,completed,success,0.0,2026-06-03T14:38:45Z
26892088940,69313d54ab2201cfb8a90284fd54c4f3605d4408,tests (3.11),16,Post Checkout,completed,success,1.0,2026-06-03T14:38:45Z
26892088940,69313d54ab2201cfb8a90284fd54c4f3605d4408,tests (3.11),17,Complete job,completed,success,0.0,2026-06-03T14:38:45Z
26892088940,69313d54ab2201cfb8a90284fd54c4f3605d4408,metrics snapshot,1,Set up job,completed,success,0.0,2026-06-03T14:38:45Z
26892088940,69313d54ab2201cfb8a90284fd54c4f3605d4408,metrics snapshot,2,Write run context,completed,success,1.0,2026-06-03T14:38:45Z
26892088940,69313d54ab2201cfb8a90284fd54c4f3605d4408,metrics snapshot,3,Upload run context,completed,success,0.0,2026-06-03T14:38:45Z
26892088940,69313d54ab2201cfb8a90284fd54c4f3605d4408,metrics snapshot,4,Complete job,completed,success,0.0,2026-06-03T14:38:45Z
26892086661,69313d54ab2201cfb8a90284fd54c4f3605d4408,quality gate,1,Set up job,completed,success,1.0,2026-06-03T14:38:42Z
26892086661,69313d54ab2201cfb8a90284fd54c4f3605d4408,quality gate,2,Checkout,completed,success,1.0,2026-06-03T14:38:42Z
26892086661,69313d54ab2201cfb8a90284fd54c4f3605d4408,quality gate,3,Set up Python,completed,success,0.0,2026-06-03T14:38:42Z
26892086661,69313d54ab2201cfb8a90284fd54c4f3605d4408,quality gate,4,Cache pip packages,completed,success,1.0,2026-06-03T14:38:42Z
26892086661,69313d54ab2201cfb8a90284fd54c4f3605d4408,quality gate,5,Install dependencies,completed,success,8.0,2026-06-03T14:38:42Z
26892086661,69313d54ab2201cfb8a90284fd54c4f3605d4408,quality gate,6,Lint source and tests,completed,success,0.0,2026-06-03T14:38:42Z
26892086661,69313d54ab2201cfb8a90284fd54c4f3605d4408,quality gate,7,Record quality summary,completed,success,0.0,2026-06-03T14:38:42Z
26892086661,69313d54ab2201cfb8a90284fd54c4f3605d4408,quality gate,8,Upload quality artifact,completed,success,1.0,2026-06-03T14:38:42Z
26892086661,69313d54ab2201cfb8a90284fd54c4f3605d4408,quality gate,14,Post Cache pip packages,completed,success,0.0,2026-06-03T14:38:42Z
26892086661,69313d54ab2201cfb8a90284fd54c4f3605d4408,quality gate,15,Post Set up Python,completed,success,0.0,2026-06-03T14:38:42Z
26892086661,69313d54ab2201cfb8a90284fd54c4f3605d4408,quality gate,16,Post Checkout,completed,success,0.0,2026-06-03T14:38:42Z
26892086661,69313d54ab2201cfb8a90284fd54c4f3605d4408,quality gate,17,Complete job,completed,success,0.0,2026-06-03T14:38:42Z
26892086661,69313d54ab2201cfb8a90284fd54c4f3605d4408,tests (3.11),1,Set up job,completed,success,2.0,2026-06-03T14:38:42Z
26892086661,69313d54ab2201cfb8a90284fd54c4f3605d4408,tests (3.11),2,Checkout,completed,success,0.0,2026-06-03T14:38:42Z
26892086661,69313d54ab2201cfb8a90284fd54c4f3605d4408,tests (3.11),3,Set up Python,completed,success,0.0,2026-06-03T14:38:42Z
26892086661,69313d54ab2201cfb8a90284fd54c4f3605d4408,tests (3.11),4,Cache pip packages,completed,success,1.0,2026-06-03T14:38:42Z
26892086661,69313d54ab2201cfb8a90284fd54c4f3605d4408,tests (3.11),5,Install dependencies,completed,success,7.0,2026-06-03T14:38:42Z
26892086661,69313d54ab2201cfb8a90284fd54c4f3605d4408,tests (3.11),6,Generate controlled test variation,completed,success,0.0,2026-06-03T14:38:42Z
26892086661,69313d54ab2201cfb8a90284fd54c4f3605d4408,tests (3.11),7,Run pytest,completed,success,4.0,2026-06-03T14:38:42Z
26892086661,69313d54ab2201cfb8a90284fd54c4f3605d4408,tests (3.11),8,Upload pytest artifact,completed,success,1.0,2026-06-03T14:38:42Z
26892086661,69313d54ab2201cfb8a90284fd54c4f3605d4408,tests (3.11),14,Post Cache pip packages,completed,success,0.0,2026-06-03T14:38:42Z
26892086661,69313d54ab2201cfb8a90284fd54c4f3605d4408,tests (3.11),15,Post Set up Python,completed,success,0.0,2026-06-03T14:38:42Z
26892086661,69313d54ab2201cfb8a90284fd54c4f3605d4408,tests (3.11),16,Post Checkout,completed,success,1.0,2026-06-03T14:38:42Z
26892086661,69313d54ab2201cfb8a90284fd54c4f3605d4408,tests (3.11),17,Complete job,completed,success,0.0,2026-06-03T14:38:42Z
26892086661,69313d54ab2201cfb8a90284fd54c4f3605d4408,tests (3.12),1,Set up job,completed,success,2.0,2026-06-03T14:38:42Z
26892086661,69313d54ab2201cfb8a90284fd54c4f3605d4408,tests (3.12),2,Checkout,completed,success,1.0,2026-06-03T14:38:42Z
26892086661,69313d54ab2201cfb8a90284fd54c4f3605d4408,tests (3.12),3,Set up Python,completed,success,0.0,2026-06-03T14:38:42Z
26892086661,69313d54ab2201cfb8a90284fd54c4f3605d4408,tests (3.12),4,Cache pip packages,completed,success,0.0,2026-06-03T14:38:42Z
26892086661,69313d54ab2201cfb8a90284fd54c4f3605d4408,tests (3.12),5,Install dependencies,completed,success,8.0,2026-06-03T14:38:42Z
26892086661,69313d54ab2201cfb8a90284fd54c4f3605d4408,tests (3.12),6,Generate controlled test variation,completed,success,0.0,2026-06-03T14:38:42Z
26892086661,69313d54ab2201cfb8a90284fd54c4f3605d4408,tests (3.12),7,Run pytest,completed,success,5.0,2026-06-03T14:38:42Z
26892086661,69313d54ab2201cfb8a90284fd54c4f3605d4408,tests (3.12),8,Upload pytest artifact,completed,success,0.0,2026-06-03T14:38:42Z
26892086661,69313d54ab2201cfb8a90284fd54c4f3605d4408,tests (3.12),14,Post Cache pip packages,completed,success,1.0,2026-06-03T14:38:42Z
26892086661,69313d54ab2201cfb8a90284fd54c4f3605d4408,tests (3.12),15,Post Set up Python,completed,success,0.0,2026-06-03T14:38:42Z
26892086661,69313d54ab2201cfb8a90284fd54c4f3605d4408,tests (3.12),16,Post Checkout,completed,success,0.0,2026-06-03T14:38:42Z
26892086661,69313d54ab2201cfb8a90284fd54c4f3605d4408,tests (3.12),17,Complete job,completed,success,0.0,2026-06-03T14:38:42Z
26892086661,69313d54ab2201cfb8a90284fd54c4f3605d4408,metrics snapshot,1,Set up job,completed,success,1.0,2026-06-03T14:38:42Z
26892086661,69313d54ab2201cfb8a90284fd54c4f3605d4408,metrics snapshot,2,Write run context,completed,success,0.0,2026-06-03T14:38:42Z
26892086661,69313d54ab2201cfb8a90284fd54c4f3605d4408,metrics snapshot,3,Upload run context,completed,success,1.0,2026-06-03T14:38:42Z
26892086661,69313d54ab2201cfb8a90284fd54c4f3605d4408,metrics snapshot,4,Complete job,completed,success,0.0,2026-06-03T14:38:42Z
26892084217,69313d54ab2201cfb8a90284fd54c4f3605d4408,quality gate,1,Set up job,completed,success,1.0,2026-06-03T14:38:40Z
26892084217,69313d54ab2201cfb8a90284fd54c4f3605d4408,quality gate,2,Checkout,completed,success,1.0,2026-06-03T14:38:40Z
26892084217,69313d54ab2201cfb8a90284fd54c4f3605d4408,quality gate,3,Set up Python,completed,success,0.0,2026-06-03T14:38:40Z
26892084217,69313d54ab2201cfb8a90284fd54c4f3605d4408,quality gate,4,Cache pip packages,completed,success,3.0,2026-06-03T14:38:40Z
26892084217,69313d54ab2201cfb8a90284fd54c4f3605d4408,quality gate,5,Install dependencies,completed,success,7.0,2026-06-03T14:38:40Z
26892084217,69313d54ab2201cfb8a90284fd54c4f3605d4408,quality gate,6,Lint source and tests,completed,success,0.0,2026-06-03T14:38:40Z
26892084217,69313d54ab2201cfb8a90284fd54c4f3605d4408,quality gate,7,Record quality summary,completed,success,0.0,2026-06-03T14:38:40Z
26892084217,69313d54ab2201cfb8a90284fd54c4f3605d4408,quality gate,8,Upload quality artifact,completed,success,2.0,2026-06-03T14:38:40Z
26892084217,69313d54ab2201cfb8a90284fd54c4f3605d4408,quality gate,14,Post Cache pip packages,completed,success,0.0,2026-06-03T14:38:40Z
26892084217,69313d54ab2201cfb8a90284fd54c4f3605d4408,quality gate,15,Post Set up Python,completed,success,0.0,2026-06-03T14:38:40Z
26892084217,69313d54ab2201cfb8a90284fd54c4f3605d4408,quality gate,16,Post Checkout,completed,success,0.0,2026-06-03T14:38:40Z
26892084217,69313d54ab2201cfb8a90284fd54c4f3605d4408,quality gate,17,Complete job,completed,success,0.0,2026-06-03T14:38:40Z
26892084217,69313d54ab2201cfb8a90284fd54c4f3605d4408,tests (3.11),1,Set up job,completed,success,1.0,2026-06-03T14:38:40Z
26892084217,69313d54ab2201cfb8a90284fd54c4f3605d4408,tests (3.11),2,Checkout,completed,success,1.0,2026-06-03T14:38:40Z
26892084217,69313d54ab2201cfb8a90284fd54c4f3605d4408,tests (3.11),3,Set up Python,completed,success,0.0,2026-06-03T14:38:40Z
26892084217,69313d54ab2201cfb8a90284fd54c4f3605d4408,tests (3.11),4,Cache pip packages,completed,success,3.0,2026-06-03T14:38:40Z
26892084217,69313d54ab2201cfb8a90284fd54c4f3605d4408,tests (3.11),5,Install dependencies,completed,success,6.0,2026-06-03T14:38:40Z
26892084217,69313d54ab2201cfb8a90284fd54c4f3605d4408,tests (3.11),6,Generate controlled test variation,completed,success,0.0,2026-06-03T14:38:40Z
26892084217,69313d54ab2201cfb8a90284fd54c4f3605d4408,tests (3.11),7,Run pytest,completed,success,3.0,2026-06-03T14:38:40Z
26892084217,69313d54ab2201cfb8a90284fd54c4f3605d4408,tests (3.11),8,Upload pytest artifact,completed,success,1.0,2026-06-03T14:38:40Z
26892084217,69313d54ab2201cfb8a90284fd54c4f3605d4408,tests (3.11),14,Post Cache pip packages,completed,success,0.0,2026-06-03T14:38:40Z
26892084217,69313d54ab2201cfb8a90284fd54c4f3605d4408,tests (3.11),15,Post Set up Python,completed,success,0.0,2026-06-03T14:38:40Z
26892084217,69313d54ab2201cfb8a90284fd54c4f3605d4408,tests (3.11),16,Post Checkout,completed,success,0.0,2026-06-03T14:38:40Z
26892084217,69313d54ab2201cfb8a90284fd54c4f3605d4408,tests (3.11),17,Complete job,completed,success,0.0,2026-06-03T14:38:40Z
26892084217,69313d54ab2201cfb8a90284fd54c4f3605d4408,tests (3.12),1,Set up job,completed,success,1.0,2026-06-03T14:38:40Z
26892084217,69313d54ab2201cfb8a90284fd54c4f3605d4408,tests (3.12),2,Checkout,completed,success,1.0,2026-06-03T14:38:40Z
26892084217,69313d54ab2201cfb8a90284fd54c4f3605d4408,tests (3.12),3,Set up Python,completed,success,0.0,2026-06-03T14:38:40Z
26892084217,69313d54ab2201cfb8a90284fd54c4f3605d4408,tests (3.12),4,Cache pip packages,completed,success,1.0,2026-06-03T14:38:40Z
26892084217,69313d54ab2201cfb8a90284fd54c4f3605d4408,tests (3.12),5,Install dependencies,completed,success,7.0,2026-06-03T14:38:40Z
26892084217,69313d54ab2201cfb8a90284fd54c4f3605d4408,tests (3.12),6,Generate controlled test variation,completed,success,0.0,2026-06-03T14:38:40Z
26892084217,69313d54ab2201cfb8a90284fd54c4f3605d4408,tests (3.12),7,Run pytest,completed,success,2.0,2026-06-03T14:38:40Z
26892084217,69313d54ab2201cfb8a90284fd54c4f3605d4408,tests (3.12),8,Upload pytest artifact,completed,success,1.0,2026-06-03T14:38:40Z
26892084217,69313d54ab2201cfb8a90284fd54c4f3605d4408,tests (3.12),14,Post Cache pip packages,completed,success,0.0,2026-06-03T14:38:40Z
26892084217,69313d54ab2201cfb8a90284fd54c4f3605d4408,tests (3.12),15,Post Set up Python,completed,success,1.0,2026-06-03T14:38:40Z
26892084217,69313d54ab2201cfb8a90284fd54c4f3605d4408,tests (3.12),16,Post Checkout,completed,success,0.0,2026-06-03T14:38:40Z
26892084217,69313d54ab2201cfb8a90284fd54c4f3605d4408,tests (3.12),17,Complete job,completed,success,0.0,2026-06-03T14:38:40Z
26892084217,69313d54ab2201cfb8a90284fd54c4f3605d4408,metrics snapshot,1,Set up job,completed,success,1.0,2026-06-03T14:38:40Z
26892084217,69313d54ab2201cfb8a90284fd54c4f3605d4408,metrics snapshot,2,Write run context,completed,success,0.0,2026-06-03T14:38:40Z
26892084217,69313d54ab2201cfb8a90284fd54c4f3605d4408,metrics snapshot,3,Upload run context,completed,success,1.0,2026-06-03T14:38:40Z
26892084217,69313d54ab2201cfb8a90284fd54c4f3605d4408,metrics snapshot,4,Complete job,completed,success,0.0,2026-06-03T14:38:40Z
26892082085,69313d54ab2201cfb8a90284fd54c4f3605d4408,quality gate,1,Set up job,completed,success,1.0,2026-06-03T14:38:38Z
26892082085,69313d54ab2201cfb8a90284fd54c4f3605d4408,quality gate,2,Checkout,completed,success,0.0,2026-06-03T14:38:38Z
26892082085,69313d54ab2201cfb8a90284fd54c4f3605d4408,quality gate,3,Set up Python,completed,success,1.0,2026-06-03T14:38:38Z
26892082085,69313d54ab2201cfb8a90284fd54c4f3605d4408,quality gate,4,Cache pip packages,completed,success,1.0,2026-06-03T14:38:38Z
26892082085,69313d54ab2201cfb8a90284fd54c4f3605d4408,quality gate,5,Install dependencies,completed,success,7.0,2026-06-03T14:38:38Z
26892082085,69313d54ab2201cfb8a90284fd54c4f3605d4408,quality gate,6,Lint source and tests,completed,success,1.0,2026-06-03T14:38:38Z
26892082085,69313d54ab2201cfb8a90284fd54c4f3605d4408,quality gate,7,Record quality summary,completed,success,0.0,2026-06-03T14:38:38Z
26892082085,69313d54ab2201cfb8a90284fd54c4f3605d4408,quality gate,8,Upload quality artifact,completed,success,1.0,2026-06-03T14:38:38Z
26892082085,69313d54ab2201cfb8a90284fd54c4f3605d4408,quality gate,14,Post Cache pip packages,completed,success,0.0,2026-06-03T14:38:38Z
26892082085,69313d54ab2201cfb8a90284fd54c4f3605d4408,quality gate,15,Post Set up Python,completed,success,0.0,2026-06-03T14:38:38Z
26892082085,69313d54ab2201cfb8a90284fd54c4f3605d4408,quality gate,16,Post Checkout,completed,success,0.0,2026-06-03T14:38:38Z
26892082085,69313d54ab2201cfb8a90284fd54c4f3605d4408,quality gate,17,Complete job,completed,success,0.0,2026-06-03T14:38:38Z
26892082085,69313d54ab2201cfb8a90284fd54c4f3605d4408,tests (3.12),1,Set up job,completed,success,1.0,2026-06-03T14:38:38Z
26892082085,69313d54ab2201cfb8a90284fd54c4f3605d4408,tests (3.12),2,Checkout,completed,success,1.0,2026-06-03T14:38:38Z
26892082085,69313d54ab2201cfb8a90284fd54c4f3605d4408,tests (3.12),3,Set up Python,completed,success,0.0,2026-06-03T14:38:38Z
26892082085,69313d54ab2201cfb8a90284fd54c4f3605d4408,tests (3.12),4,Cache pip packages,completed,success,1.0,2026-06-03T14:38:38Z
26892082085,69313d54ab2201cfb8a90284fd54c4f3605d4408,tests (3.12),5,Install dependencies,completed,success,7.0,2026-06-03T14:38:38Z
26892082085,69313d54ab2201cfb8a90284fd54c4f3605d4408,tests (3.12),6,Generate controlled test variation,completed,success,0.0,2026-06-03T14:38:38Z
26892082085,69313d54ab2201cfb8a90284fd54c4f3605d4408,tests (3.12),7,Run pytest,completed,success,2.0,2026-06-03T14:38:38Z
26892082085,69313d54ab2201cfb8a90284fd54c4f3605d4408,tests (3.12),8,Upload pytest artifact,completed,success,1.0,2026-06-03T14:38:38Z
26892082085,69313d54ab2201cfb8a90284fd54c4f3605d4408,tests (3.12),14,Post Cache pip packages,completed,success,0.0,2026-06-03T14:38:38Z
26892082085,69313d54ab2201cfb8a90284fd54c4f3605d4408,tests (3.12),15,Post Set up Python,completed,success,1.0,2026-06-03T14:38:38Z
26892082085,69313d54ab2201cfb8a90284fd54c4f3605d4408,tests (3.12),16,Post Checkout,completed,success,0.0,2026-06-03T14:38:38Z
26892082085,69313d54ab2201cfb8a90284fd54c4f3605d4408,tests (3.12),17,Complete job,completed,success,0.0,2026-06-03T14:38:38Z
26892082085,69313d54ab2201cfb8a90284fd54c4f3605d4408,tests (3.11),1,Set up job,completed,success,1.0,2026-06-03T14:38:38Z
26892082085,69313d54ab2201cfb8a90284fd54c4f3605d4408,tests (3.11),2,Checkout,completed,success,1.0,2026-06-03T14:38:38Z
26892082085,69313d54ab2201cfb8a90284fd54c4f3605d4408,tests (3.11),3,Set up Python,completed,success,0.0,2026-06-03T14:38:38Z
26892082085,69313d54ab2201cfb8a90284fd54c4f3605d4408,tests (3.11),4,Cache pip packages,completed,success,2.0,2026-06-03T14:38:38Z
26892082085,69313d54ab2201cfb8a90284fd54c4f3605d4408,tests (3.11),5,Install dependencies,completed,success,6.0,2026-06-03T14:38:38Z
26892082085,69313d54ab2201cfb8a90284fd54c4f3605d4408,tests (3.11),6,Generate controlled test variation,completed,success,0.0,2026-06-03T14:38:38Z
26892082085,69313d54ab2201cfb8a90284fd54c4f3605d4408,tests (3.11),7,Run pytest,completed,success,2.0,2026-06-03T14:38:38Z
26892082085,69313d54ab2201cfb8a90284fd54c4f3605d4408,tests (3.11),8,Upload pytest artifact,completed,success,1.0,2026-06-03T14:38:38Z
26892082085,69313d54ab2201cfb8a90284fd54c4f3605d4408,tests (3.11),14,Post Cache pip packages,completed,success,0.0,2026-06-03T14:38:38Z
26892082085,69313d54ab2201cfb8a90284fd54c4f3605d4408,tests (3.11),15,Post Set up Python,completed,success,1.0,2026-06-03T14:38:38Z
26892082085,69313d54ab2201cfb8a90284fd54c4f3605d4408,tests (3.11),16,Post Checkout,completed,success,0.0,2026-06-03T14:38:38Z
26892082085,69313d54ab2201cfb8a90284fd54c4f3605d4408,tests (3.11),17,Complete job,completed,success,0.0,2026-06-03T14:38:38Z
26892082085,69313d54ab2201cfb8a90284fd54c4f3605d4408,metrics snapshot,1,Set up job,completed,success,1.0,2026-06-03T14:38:38Z
26892082085,69313d54ab2201cfb8a90284fd54c4f3605d4408,metrics snapshot,2,Write run context,completed,success,0.0,2026-06-03T14:38:38Z
26892082085,69313d54ab2201cfb8a90284fd54c4f3605d4408,metrics snapshot,3,Upload run context,completed,success,1.0,2026-06-03T14:38:38Z
26892082085,69313d54ab2201cfb8a90284fd54c4f3605d4408,metrics snapshot,4,Complete job,completed,success,0.0,2026-06-03T14:38:38Z
26892079652,69313d54ab2201cfb8a90284fd54c4f3605d4408,quality gate,1,Set up job,completed,success,1.0,2026-06-03T14:38:36Z
26892079652,69313d54ab2201cfb8a90284fd54c4f3605d4408,quality gate,2,Checkout,completed,success,1.0,2026-06-03T14:38:36Z
26892079652,69313d54ab2201cfb8a90284fd54c4f3605d4408,quality gate,3,Set up Python,completed,success,0.0,2026-06-03T14:38:36Z
26892079652,69313d54ab2201cfb8a90284fd54c4f3605d4408,quality gate,4,Cache pip packages,completed,success,2.0,2026-06-03T14:38:36Z
26892079652,69313d54ab2201cfb8a90284fd54c4f3605d4408,quality gate,5,Install dependencies,completed,success,7.0,2026-06-03T14:38:36Z
26892079652,69313d54ab2201cfb8a90284fd54c4f3605d4408,quality gate,6,Lint source and tests,completed,success,0.0,2026-06-03T14:38:36Z
26892079652,69313d54ab2201cfb8a90284fd54c4f3605d4408,quality gate,7,Record quality summary,completed,success,0.0,2026-06-03T14:38:36Z
26892079652,69313d54ab2201cfb8a90284fd54c4f3605d4408,quality gate,8,Upload quality artifact,completed,success,0.0,2026-06-03T14:38:36Z
26892079652,69313d54ab2201cfb8a90284fd54c4f3605d4408,quality gate,14,Post Cache pip packages,completed,success,1.0,2026-06-03T14:38:36Z
26892079652,69313d54ab2201cfb8a90284fd54c4f3605d4408,quality gate,15,Post Set up Python,completed,success,0.0,2026-06-03T14:38:36Z
26892079652,69313d54ab2201cfb8a90284fd54c4f3605d4408,quality gate,16,Post Checkout,completed,success,0.0,2026-06-03T14:38:36Z
26892079652,69313d54ab2201cfb8a90284fd54c4f3605d4408,quality gate,17,Complete job,completed,success,0.0,2026-06-03T14:38:36Z
26892079652,69313d54ab2201cfb8a90284fd54c4f3605d4408,tests (3.11),1,Set up job,completed,success,1.0,2026-06-03T14:38:36Z
26892079652,69313d54ab2201cfb8a90284fd54c4f3605d4408,tests (3.11),2,Checkout,completed,success,1.0,2026-06-03T14:38:36Z
26892079652,69313d54ab2201cfb8a90284fd54c4f3605d4408,tests (3.11),3,Set up Python,completed,success,0.0,2026-06-03T14:38:36Z
26892079652,69313d54ab2201cfb8a90284fd54c4f3605d4408,tests (3.11),4,Cache pip packages,completed,success,1.0,2026-06-03T14:38:36Z
26892079652,69313d54ab2201cfb8a90284fd54c4f3605d4408,tests (3.11),5,Install dependencies,completed,success,6.0,2026-06-03T14:38:36Z
26892079652,69313d54ab2201cfb8a90284fd54c4f3605d4408,tests (3.11),6,Generate controlled test variation,completed,success,0.0,2026-06-03T14:38:36Z
26892079652,69313d54ab2201cfb8a90284fd54c4f3605d4408,tests (3.11),7,Run pytest,completed,success,2.0,2026-06-03T14:38:36Z
26892079652,69313d54ab2201cfb8a90284fd54c4f3605d4408,tests (3.11),8,Upload pytest artifact,completed,success,1.0,2026-06-03T14:38:36Z
26892079652,69313d54ab2201cfb8a90284fd54c4f3605d4408,tests (3.11),14,Post Cache pip packages,completed,success,0.0,2026-06-03T14:38:36Z
26892079652,69313d54ab2201cfb8a90284fd54c4f3605d4408,tests (3.11),15,Post Set up Python,completed,success,0.0,2026-06-03T14:38:36Z
26892079652,69313d54ab2201cfb8a90284fd54c4f3605d4408,tests (3.11),16,Post Checkout,completed,success,0.0,2026-06-03T14:38:36Z
26892079652,69313d54ab2201cfb8a90284fd54c4f3605d4408,tests (3.11),17,Complete job,completed,success,0.0,2026-06-03T14:38:36Z
26892079652,69313d54ab2201cfb8a90284fd54c4f3605d4408,tests (3.12),1,Set up job,completed,success,1.0,2026-06-03T14:38:36Z
26892079652,69313d54ab2201cfb8a90284fd54c4f3605d4408,tests (3.12),2,Checkout,completed,success,0.0,2026-06-03T14:38:36Z
26892079652,69313d54ab2201cfb8a90284fd54c4f3605d4408,tests (3.12),3,Set up Python,completed,success,0.0,2026-06-03T14:38:36Z
26892079652,69313d54ab2201cfb8a90284fd54c4f3605d4408,tests (3.12),4,Cache pip packages,completed,success,1.0,2026-06-03T14:38:36Z
26892079652,69313d54ab2201cfb8a90284fd54c4f3605d4408,tests (3.12),5,Install dependencies,completed,success,7.0,2026-06-03T14:38:36Z
26892079652,69313d54ab2201cfb8a90284fd54c4f3605d4408,tests (3.12),6,Generate controlled test variation,completed,success,0.0,2026-06-03T14:38:36Z
26892079652,69313d54ab2201cfb8a90284fd54c4f3605d4408,tests (3.12),7,Run pytest,completed,success,2.0,2026-06-03T14:38:36Z
26892079652,69313d54ab2201cfb8a90284fd54c4f3605d4408,tests (3.12),8,Upload pytest artifact,completed,success,1.0,2026-06-03T14:38:36Z
26892079652,69313d54ab2201cfb8a90284fd54c4f3605d4408,tests (3.12),14,Post Cache pip packages,completed,success,0.0,2026-06-03T14:38:36Z
26892079652,69313d54ab2201cfb8a90284fd54c4f3605d4408,tests (3.12),15,Post Set up Python,completed,success,0.0,2026-06-03T14:38:36Z
26892079652,69313d54ab2201cfb8a90284fd54c4f3605d4408,tests (3.12),16,Post Checkout,completed,success,0.0,2026-06-03T14:38:36Z
26892079652,69313d54ab2201cfb8a90284fd54c4f3605d4408,tests (3.12),17,Complete job,completed,success,0.0,2026-06-03T14:38:36Z
26892079652,69313d54ab2201cfb8a90284fd54c4f3605d4408,metrics snapshot,1,Set up job,completed,success,1.0,2026-06-03T14:38:36Z
26892079652,69313d54ab2201cfb8a90284fd54c4f3605d4408,metrics snapshot,2,Write run context,completed,success,0.0,2026-06-03T14:38:36Z
26892079652,69313d54ab2201cfb8a90284fd54c4f3605d4408,metrics snapshot,3,Upload run context,completed,success,1.0,2026-06-03T14:38:36Z
26892079652,69313d54ab2201cfb8a90284fd54c4f3605d4408,metrics snapshot,4,Complete job,completed,success,0.0,2026-06-03T14:38:36Z
26892077297,69313d54ab2201cfb8a90284fd54c4f3605d4408,quality gate,1,Set up job,completed,success,2.0,2026-06-03T14:38:33Z
26892077297,69313d54ab2201cfb8a90284fd54c4f3605d4408,quality gate,2,Checkout,completed,success,1.0,2026-06-03T14:38:33Z
26892077297,69313d54ab2201cfb8a90284fd54c4f3605d4408,quality gate,3,Set up Python,completed,success,0.0,2026-06-03T14:38:33Z
26892077297,69313d54ab2201cfb8a90284fd54c4f3605d4408,quality gate,4,Cache pip packages,completed,skipped,0.0,2026-06-03T14:38:33Z
26892077297,69313d54ab2201cfb8a90284fd54c4f3605d4408,quality gate,5,Install dependencies,completed,success,9.0,2026-06-03T14:38:33Z
26892077297,69313d54ab2201cfb8a90284fd54c4f3605d4408,quality gate,6,Lint source and tests,completed,success,0.0,2026-06-03T14:38:33Z
26892077297,69313d54ab2201cfb8a90284fd54c4f3605d4408,quality gate,7,Record quality summary,completed,success,0.0,2026-06-03T14:38:33Z
26892077297,69313d54ab2201cfb8a90284fd54c4f3605d4408,quality gate,8,Upload quality artifact,completed,success,1.0,2026-06-03T14:38:33Z
26892077297,69313d54ab2201cfb8a90284fd54c4f3605d4408,quality gate,15,Post Set up Python,completed,success,0.0,2026-06-03T14:38:33Z
26892077297,69313d54ab2201cfb8a90284fd54c4f3605d4408,quality gate,16,Post Checkout,completed,success,0.0,2026-06-03T14:38:33Z
26892077297,69313d54ab2201cfb8a90284fd54c4f3605d4408,quality gate,17,Complete job,completed,success,0.0,2026-06-03T14:38:33Z
26892077297,69313d54ab2201cfb8a90284fd54c4f3605d4408,tests (3.12),1,Set up job,completed,success,1.0,2026-06-03T14:38:33Z
26892077297,69313d54ab2201cfb8a90284fd54c4f3605d4408,tests (3.12),2,Checkout,completed,success,1.0,2026-06-03T14:38:33Z
26892077297,69313d54ab2201cfb8a90284fd54c4f3605d4408,tests (3.12),3,Set up Python,completed,success,0.0,2026-06-03T14:38:33Z
26892077297,69313d54ab2201cfb8a90284fd54c4f3605d4408,tests (3.12),4,Cache pip packages,completed,skipped,0.0,2026-06-03T14:38:33Z
26892077297,69313d54ab2201cfb8a90284fd54c4f3605d4408,tests (3.12),5,Install dependencies,completed,success,8.0,2026-06-03T14:38:33Z
26892077297,69313d54ab2201cfb8a90284fd54c4f3605d4408,tests (3.12),6,Generate controlled test variation,completed,success,0.0,2026-06-03T14:38:33Z
26892077297,69313d54ab2201cfb8a90284fd54c4f3605d4408,tests (3.12),7,Run pytest,completed,success,2.0,2026-06-03T14:38:33Z
26892077297,69313d54ab2201cfb8a90284fd54c4f3605d4408,tests (3.12),8,Upload pytest artifact,completed,success,1.0,2026-06-03T14:38:33Z
26892077297,69313d54ab2201cfb8a90284fd54c4f3605d4408,tests (3.12),15,Post Set up Python,completed,success,0.0,2026-06-03T14:38:33Z
26892077297,69313d54ab2201cfb8a90284fd54c4f3605d4408,tests (3.12),16,Post Checkout,completed,success,0.0,2026-06-03T14:38:33Z
26892077297,69313d54ab2201cfb8a90284fd54c4f3605d4408,tests (3.12),17,Complete job,completed,success,0.0,2026-06-03T14:38:33Z
26892077297,69313d54ab2201cfb8a90284fd54c4f3605d4408,tests (3.11),1,Set up job,completed,success,1.0,2026-06-03T14:38:33Z
26892077297,69313d54ab2201cfb8a90284fd54c4f3605d4408,tests (3.11),2,Checkout,completed,success,1.0,2026-06-03T14:38:33Z
26892077297,69313d54ab2201cfb8a90284fd54c4f3605d4408,tests (3.11),3,Set up Python,completed,success,0.0,2026-06-03T14:38:33Z
26892077297,69313d54ab2201cfb8a90284fd54c4f3605d4408,tests (3.11),4,Cache pip packages,completed,skipped,0.0,2026-06-03T14:38:33Z
26892077297,69313d54ab2201cfb8a90284fd54c4f3605d4408,tests (3.11),5,Install dependencies,completed,success,7.0,2026-06-03T14:38:33Z
26892077297,69313d54ab2201cfb8a90284fd54c4f3605d4408,tests (3.11),6,Generate controlled test variation,completed,success,0.0,2026-06-03T14:38:33Z
26892077297,69313d54ab2201cfb8a90284fd54c4f3605d4408,tests (3.11),7,Run pytest,completed,success,2.0,2026-06-03T14:38:33Z
26892077297,69313d54ab2201cfb8a90284fd54c4f3605d4408,tests (3.11),8,Upload pytest artifact,completed,success,1.0,2026-06-03T14:38:33Z
26892077297,69313d54ab2201cfb8a90284fd54c4f3605d4408,tests (3.11),15,Post Set up Python,completed,success,0.0,2026-06-03T14:38:33Z
26892077297,69313d54ab2201cfb8a90284fd54c4f3605d4408,tests (3.11),16,Post Checkout,completed,success,0.0,2026-06-03T14:38:33Z
26892077297,69313d54ab2201cfb8a90284fd54c4f3605d4408,tests (3.11),17,Complete job,completed,success,0.0,2026-06-03T14:38:33Z
26892077297,69313d54ab2201cfb8a90284fd54c4f3605d4408,metrics snapshot,1,Set up job,completed,success,1.0,2026-06-03T14:38:33Z
26892077297,69313d54ab2201cfb8a90284fd54c4f3605d4408,metrics snapshot,2,Write run context,completed,success,0.0,2026-06-03T14:38:33Z
26892077297,69313d54ab2201cfb8a90284fd54c4f3605d4408,metrics snapshot,3,Upload run context,completed,success,2.0,2026-06-03T14:38:33Z
26892077297,69313d54ab2201cfb8a90284fd54c4f3605d4408,metrics snapshot,4,Complete job,completed,success,0.0,2026-06-03T14:38:33Z
26892075323,69313d54ab2201cfb8a90284fd54c4f3605d4408,quality gate,1,Set up job,completed,success,1.0,2026-06-03T14:38:31Z
26892075323,69313d54ab2201cfb8a90284fd54c4f3605d4408,quality gate,2,Checkout,completed,success,1.0,2026-06-03T14:38:31Z
26892075323,69313d54ab2201cfb8a90284fd54c4f3605d4408,quality gate,3,Set up Python,completed,success,1.0,2026-06-03T14:38:31Z
26892075323,69313d54ab2201cfb8a90284fd54c4f3605d4408,quality gate,4,Cache pip packages,completed,success,1.0,2026-06-03T14:38:31Z
26892075323,69313d54ab2201cfb8a90284fd54c4f3605d4408,quality gate,5,Install dependencies,completed,success,8.0,2026-06-03T14:38:31Z
26892075323,69313d54ab2201cfb8a90284fd54c4f3605d4408,quality gate,6,Lint source and tests,completed,success,0.0,2026-06-03T14:38:31Z
26892075323,69313d54ab2201cfb8a90284fd54c4f3605d4408,quality gate,7,Record quality summary,completed,success,0.0,2026-06-03T14:38:31Z
26892075323,69313d54ab2201cfb8a90284fd54c4f3605d4408,quality gate,8,Upload quality artifact,completed,success,1.0,2026-06-03T14:38:31Z
26892075323,69313d54ab2201cfb8a90284fd54c4f3605d4408,quality gate,14,Post Cache pip packages,completed,success,0.0,2026-06-03T14:38:31Z
26892075323,69313d54ab2201cfb8a90284fd54c4f3605d4408,quality gate,15,Post Set up Python,completed,success,0.0,2026-06-03T14:38:31Z
26892075323,69313d54ab2201cfb8a90284fd54c4f3605d4408,quality gate,16,Post Checkout,completed,success,1.0,2026-06-03T14:38:31Z
26892075323,69313d54ab2201cfb8a90284fd54c4f3605d4408,quality gate,17,Complete job,completed,success,0.0,2026-06-03T14:38:31Z
26892075323,69313d54ab2201cfb8a90284fd54c4f3605d4408,tests (3.11),1,Set up job,completed,success,1.0,2026-06-03T14:38:31Z
26892075323,69313d54ab2201cfb8a90284fd54c4f3605d4408,tests (3.11),2,Checkout,completed,success,1.0,2026-06-03T14:38:31Z
26892075323,69313d54ab2201cfb8a90284fd54c4f3605d4408,tests (3.11),3,Set up Python,completed,success,0.0,2026-06-03T14:38:31Z
26892075323,69313d54ab2201cfb8a90284fd54c4f3605d4408,tests (3.11),4,Cache pip packages,completed,success,1.0,2026-06-03T14:38:31Z
26892075323,69313d54ab2201cfb8a90284fd54c4f3605d4408,tests (3.11),5,Install dependencies,completed,success,7.0,2026-06-03T14:38:31Z
26892075323,69313d54ab2201cfb8a90284fd54c4f3605d4408,tests (3.11),6,Generate controlled test variation,completed,success,0.0,2026-06-03T14:38:31Z
26892075323,69313d54ab2201cfb8a90284fd54c4f3605d4408,tests (3.11),7,Run pytest,completed,success,2.0,2026-06-03T14:38:31Z
26892075323,69313d54ab2201cfb8a90284fd54c4f3605d4408,tests (3.11),8,Upload pytest artifact,completed,success,2.0,2026-06-03T14:38:31Z
26892075323,69313d54ab2201cfb8a90284fd54c4f3605d4408,tests (3.11),14,Post Cache pip packages,completed,success,0.0,2026-06-03T14:38:31Z
26892075323,69313d54ab2201cfb8a90284fd54c4f3605d4408,tests (3.11),15,Post Set up Python,completed,success,0.0,2026-06-03T14:38:31Z
26892075323,69313d54ab2201cfb8a90284fd54c4f3605d4408,tests (3.11),16,Post Checkout,completed,success,0.0,2026-06-03T14:38:31Z
26892075323,69313d54ab2201cfb8a90284fd54c4f3605d4408,tests (3.11),17,Complete job,completed,success,0.0,2026-06-03T14:38:31Z
26892075323,69313d54ab2201cfb8a90284fd54c4f3605d4408,tests (3.12),1,Set up job,completed,success,1.0,2026-06-03T14:38:31Z
26892075323,69313d54ab2201cfb8a90284fd54c4f3605d4408,tests (3.12),2,Checkout,completed,success,1.0,2026-06-03T14:38:31Z
26892075323,69313d54ab2201cfb8a90284fd54c4f3605d4408,tests (3.12),3,Set up Python,completed,success,0.0,2026-06-03T14:38:31Z
26892075323,69313d54ab2201cfb8a90284fd54c4f3605d4408,tests (3.12),4,Cache pip packages,completed,success,1.0,2026-06-03T14:38:31Z
26892075323,69313d54ab2201cfb8a90284fd54c4f3605d4408,tests (3.12),5,Install dependencies,completed,success,7.0,2026-06-03T14:38:31Z
26892075323,69313d54ab2201cfb8a90284fd54c4f3605d4408,tests (3.12),6,Generate controlled test variation,completed,success,0.0,2026-06-03T14:38:31Z
26892075323,69313d54ab2201cfb8a90284fd54c4f3605d4408,tests (3.12),7,Run pytest,completed,success,3.0,2026-06-03T14:38:31Z
26892075323,69313d54ab2201cfb8a90284fd54c4f3605d4408,tests (3.12),8,Upload pytest artifact,completed,success,1.0,2026-06-03T14:38:31Z
26892075323,69313d54ab2201cfb8a90284fd54c4f3605d4408,tests (3.12),14,Post Cache pip packages,completed,success,0.0,2026-06-03T14:38:31Z
26892075323,69313d54ab2201cfb8a90284fd54c4f3605d4408,tests (3.12),15,Post Set up Python,completed,success,0.0,2026-06-03T14:38:31Z
26892075323,69313d54ab2201cfb8a90284fd54c4f3605d4408,tests (3.12),16,Post Checkout,completed,success,0.0,2026-06-03T14:38:31Z
26892075323,69313d54ab2201cfb8a90284fd54c4f3605d4408,tests (3.12),17,Complete job,completed,success,0.0,2026-06-03T14:38:31Z
26892075323,69313d54ab2201cfb8a90284fd54c4f3605d4408,metrics snapshot,1,Set up job,completed,success,1.0,2026-06-03T14:38:31Z
26892075323,69313d54ab2201cfb8a90284fd54c4f3605d4408,metrics snapshot,2,Write run context,completed,success,0.0,2026-06-03T14:38:31Z
26892075323,69313d54ab2201cfb8a90284fd54c4f3605d4408,metrics snapshot,3,Upload run context,completed,success,1.0,2026-06-03T14:38:31Z
26892075323,69313d54ab2201cfb8a90284fd54c4f3605d4408,metrics snapshot,4,Complete job,completed,success,0.0,2026-06-03T14:38:31Z
26891995918,69313d54ab2201cfb8a90284fd54c4f3605d4408,quality gate,1,Set up job,completed,success,2.0,2026-06-03T14:37:12Z
26891995918,69313d54ab2201cfb8a90284fd54c4f3605d4408,quality gate,2,Checkout,completed,success,0.0,2026-06-03T14:37:12Z
26891995918,69313d54ab2201cfb8a90284fd54c4f3605d4408,quality gate,3,Set up Python,completed,success,0.0,2026-06-03T14:37:12Z
26891995918,69313d54ab2201cfb8a90284fd54c4f3605d4408,quality gate,4,Cache pip packages,completed,success,1.0,2026-06-03T14:37:12Z
26891995918,69313d54ab2201cfb8a90284fd54c4f3605d4408,quality gate,5,Install dependencies,completed,success,8.0,2026-06-03T14:37:12Z
26891995918,69313d54ab2201cfb8a90284fd54c4f3605d4408,quality gate,6,Lint source and tests,completed,success,0.0,2026-06-03T14:37:12Z
26891995918,69313d54ab2201cfb8a90284fd54c4f3605d4408,quality gate,7,Record quality summary,completed,success,0.0,2026-06-03T14:37:12Z
26891995918,69313d54ab2201cfb8a90284fd54c4f3605d4408,quality gate,8,Upload quality artifact,completed,success,1.0,2026-06-03T14:37:12Z
26891995918,69313d54ab2201cfb8a90284fd54c4f3605d4408,quality gate,14,Post Cache pip packages,completed,success,1.0,2026-06-03T14:37:12Z
26891995918,69313d54ab2201cfb8a90284fd54c4f3605d4408,quality gate,15,Post Set up Python,completed,success,0.0,2026-06-03T14:37:12Z
26891995918,69313d54ab2201cfb8a90284fd54c4f3605d4408,quality gate,16,Post Checkout,completed,success,0.0,2026-06-03T14:37:12Z
26891995918,69313d54ab2201cfb8a90284fd54c4f3605d4408,quality gate,17,Complete job,completed,success,0.0,2026-06-03T14:37:12Z
26891995918,69313d54ab2201cfb8a90284fd54c4f3605d4408,tests (3.11),1,Set up job,completed,success,1.0,2026-06-03T14:37:12Z
26891995918,69313d54ab2201cfb8a90284fd54c4f3605d4408,tests (3.11),2,Checkout,completed,success,1.0,2026-06-03T14:37:12Z
26891995918,69313d54ab2201cfb8a90284fd54c4f3605d4408,tests (3.11),3,Set up Python,completed,success,0.0,2026-06-03T14:37:12Z
26891995918,69313d54ab2201cfb8a90284fd54c4f3605d4408,tests (3.11),4,Cache pip packages,completed,success,0.0,2026-06-03T14:37:12Z
26891995918,69313d54ab2201cfb8a90284fd54c4f3605d4408,tests (3.11),5,Install dependencies,completed,success,7.0,2026-06-03T14:37:12Z
26891995918,69313d54ab2201cfb8a90284fd54c4f3605d4408,tests (3.11),6,Generate controlled test variation,completed,success,0.0,2026-06-03T14:37:12Z
26891995918,69313d54ab2201cfb8a90284fd54c4f3605d4408,tests (3.11),7,Run pytest,completed,success,3.0,2026-06-03T14:37:12Z
26891995918,69313d54ab2201cfb8a90284fd54c4f3605d4408,tests (3.11),8,Upload pytest artifact,completed,success,1.0,2026-06-03T14:37:12Z
26891995918,69313d54ab2201cfb8a90284fd54c4f3605d4408,tests (3.11),14,Post Cache pip packages,completed,success,1.0,2026-06-03T14:37:12Z
26891995918,69313d54ab2201cfb8a90284fd54c4f3605d4408,tests (3.11),15,Post Set up Python,completed,success,0.0,2026-06-03T14:37:12Z
26891995918,69313d54ab2201cfb8a90284fd54c4f3605d4408,tests (3.11),16,Post Checkout,completed,success,0.0,2026-06-03T14:37:12Z
26891995918,69313d54ab2201cfb8a90284fd54c4f3605d4408,tests (3.11),17,Complete job,completed,success,0.0,2026-06-03T14:37:12Z
26891995918,69313d54ab2201cfb8a90284fd54c4f3605d4408,tests (3.12),1,Set up job,completed,success,1.0,2026-06-03T14:37:12Z
26891995918,69313d54ab2201cfb8a90284fd54c4f3605d4408,tests (3.12),2,Checkout,completed,success,1.0,2026-06-03T14:37:12Z
26891995918,69313d54ab2201cfb8a90284fd54c4f3605d4408,tests (3.12),3,Set up Python,completed,success,0.0,2026-06-03T14:37:12Z
26891995918,69313d54ab2201cfb8a90284fd54c4f3605d4408,tests (3.12),4,Cache pip packages,completed,success,0.0,2026-06-03T14:37:12Z
26891995918,69313d54ab2201cfb8a90284fd54c4f3605d4408,tests (3.12),5,Install dependencies,completed,success,7.0,2026-06-03T14:37:12Z
26891995918,69313d54ab2201cfb8a90284fd54c4f3605d4408,tests (3.12),6,Generate controlled test variation,completed,success,0.0,2026-06-03T14:37:12Z
26891995918,69313d54ab2201cfb8a90284fd54c4f3605d4408,tests (3.12),7,Run pytest,completed,success,3.0,2026-06-03T14:37:12Z
26891995918,69313d54ab2201cfb8a90284fd54c4f3605d4408,tests (3.12),8,Upload pytest artifact,completed,success,1.0,2026-06-03T14:37:12Z
26891995918,69313d54ab2201cfb8a90284fd54c4f3605d4408,tests (3.12),14,Post Cache pip packages,completed,success,1.0,2026-06-03T14:37:12Z
26891995918,69313d54ab2201cfb8a90284fd54c4f3605d4408,tests (3.12),15,Post Set up Python,completed,success,0.0,2026-06-03T14:37:12Z
26891995918,69313d54ab2201cfb8a90284fd54c4f3605d4408,tests (3.12),16,Post Checkout,completed,success,0.0,2026-06-03T14:37:12Z
26891995918,69313d54ab2201cfb8a90284fd54c4f3605d4408,tests (3.12),17,Complete job,completed,success,0.0,2026-06-03T14:37:12Z
26891995918,69313d54ab2201cfb8a90284fd54c4f3605d4408,metrics snapshot,1,Set up job,completed,success,1.0,2026-06-03T14:37:12Z
26891995918,69313d54ab2201cfb8a90284fd54c4f3605d4408,metrics snapshot,2,Write run context,completed,success,0.0,2026-06-03T14:37:12Z
26891995918,69313d54ab2201cfb8a90284fd54c4f3605d4408,metrics snapshot,3,Upload run context,completed,success,1.0,2026-06-03T14:37:12Z
26891995918,69313d54ab2201cfb8a90284fd54c4f3605d4408,metrics snapshot,4,Complete job,completed,success,0.0,2026-06-03T14:37:12Z
